<SolutionConfiguration>
  <SolutionConfigured>true</SolutionConfigured>
  <AutoEnableOnStartup>False</AutoEnableOnStartup>
  <AllowParallelTestExecution>true</AllowParallelTestExecution>
  <FrameworkUtilisationTypeForNUnit>UseDynamicAnalysis</FrameworkUtilisationTypeForNUnit>
  <FrameworkUtilisationTypeForGallio>UseStaticAnalysis</FrameworkUtilisationTypeForGallio>
  <FrameworkUtilisationTypeForMSpec>UseStaticAnalysis</FrameworkUtilisationTypeForMSpec>
  <FrameworkUtilisationTypeForMSTest>UseStaticAnalysis</FrameworkUtilisationTypeForMSTest>
</SolutionConfiguration>